{
    "bucketName": "userdocumentsbucket",
    "authPolicyName": "s3_amplify_7a76dba0",
    "unauthPolicyName": "s3_amplify_7a76dba0",
    "authRoleName": {
        "Ref": "AuthRoleName"
    },
    "unauthRoleName": {
        "Ref": "UnauthRoleName"
    },
    "selectedGuestPermissions": [
        "s3:GetObject",
        "s3:ListBucket"
    ],
    "selectedAuthenticatedPermissions": [
        "s3:PutObject",
        "s3:GetObject",
        "s3:ListBucket"
    ],
    "s3PermissionsAuthenticatedPublic": "DISALLOW",
    "s3PublicPolicy": "Public_policy_4b20d6af",
    "s3PermissionsAuthenticatedUploads": "DISALLOW",
    "s3UploadsPolicy": "Uploads_policy_4b20d6af",
    "s3PermissionsAuthenticatedProtected": "DISALLOW",
    "s3ProtectedPolicy": "Protected_policy_4b20d6af",
    "s3PermissionsAuthenticatedPrivate": "DISALLOW",
    "s3PrivatePolicy": "Private_policy_4b20d6af",
    "AuthenticatedAllowList": "DISALLOW",
    "s3ReadPolicy": "read_policy_4b20d6af",
    "s3PermissionsGuestPublic": "DISALLOW",
    "s3PermissionsGuestUploads": "DISALLOW",
    "GuestAllowList": "DISALLOW",
    "triggerFunction": "NONE"
}