{
  "trigger": true,
  "modules": [
    "add-to-group"
  ],
  "parentResource": "infohorusauth",
  "functionName": "infohorusauthPostConfirmation",
  "resourceName": "infohorusauthPostConfirmation",
  "parentStack": "auth",
  "triggerEnvs": [],
  "triggerDir": "C:\\snapshot\\node_modules\\amplify-category-auth\\provider-utils\\awscloudformation\\triggers\\PostConfirmation",
  "triggerTemplate": "PostConfirmation.json.ejs",
  "triggerEventPath": "PostConfirmation.event.json",
  "roleName": "infohorusauthPostConfirmation",
  "skipEdit": true,
  "GROUP": "EndUssers",
  "enableCors": false
}