{
  "providers": {
    "awscloudformation": {
      "AuthRoleName": "amplify-infohoruswebapp-main-91614-authRole",
      "UnauthRoleArn": "arn:aws:iam::957365067607:role/amplify-infohoruswebapp-main-91614-unauthRole",
      "AuthRoleArn": "arn:aws:iam::957365067607:role/amplify-infohoruswebapp-main-91614-authRole",
      "Region": "eu-west-1",
      "DeploymentBucketName": "amplify-infohoruswebapp-main-91614-deployment",
      "UnauthRoleName": "amplify-infohoruswebapp-main-91614-unauthRole",
      "StackName": "amplify-infohoruswebapp-main-91614",
      "StackId": "arn:aws:cloudformation:eu-west-1:957365067607:stack/amplify-infohoruswebapp-main-91614/2386b9a0-e484-11eb-84d3-022e6d30639b",
      "AmplifyAppId": "dg1vh6yf28mdl"
    }
  },
  "function": {
    "infohorusauthPostConfirmation": {
      "build": true,
      "providerPlugin": "awscloudformation",
      "service": "Lambda",
      "output": {
        "Region": "eu-west-1",
        "Arn": "arn:aws:lambda:eu-west-1:957365067607:function:infohorusauthPostConfirmation-main",
        "Name": "infohorusauthPostConfirmation-main",
        "LambdaExecutionRole": "infohorusauthPostConfirmation-main"
      },
      "lastPushTimeStamp": "2021-10-14T07:32:46.777Z",
      "providerMetadata": {
        "s3TemplateURL": "https://s3.amazonaws.com/amplify-infohoruswebapp-main-91614-deployment/amplify-cfn-templates/function/infohorusauthPostConfirmation-cloudformation-template.json",
        "logicalId": "functioninfohorusauthPostConfirmation"
      },
      "s3Bucket": {
        "deploymentBucketName": "amplify-infohoruswebapp-main-91614-deployment",
        "s3Key": "amplify-builds/infohorusauthPostConfirmation-71716b7656545a497873-build.zip"
      }
    }
  },
  "auth": {
    "userPoolGroups": {
      "service": "Cognito-UserPool-Groups",
      "providerPlugin": "awscloudformation",
      "dependsOn": [
        {
          "category": "auth",
          "resourceName": "infohorusauth",
          "attributes": [
            "UserPoolId",
            "AppClientIDWeb",
            "AppClientID",
            "IdentityPoolId"
          ]
        }
      ],
      "output": {
        "EndUsersGroupRole": "arn:aws:iam::957365067607:role/eu-west-1_MBviHjkjL-EndUsersGroupRole",
        "AssessorsGroupRole": "arn:aws:iam::957365067607:role/eu-west-1_MBviHjkjL-AssessorsGroupRole"
      },
      "lastPushTimeStamp": "2021-10-14T07:32:46.782Z",
      "providerMetadata": {
        "s3TemplateURL": "https://s3.amazonaws.com/amplify-infohoruswebapp-main-91614-deployment/amplify-cfn-templates/auth/template.json",
        "logicalId": "authuserPoolGroups"
      }
    },
    "infohorusauth": {
      "service": "Cognito",
      "providerPlugin": "awscloudformation",
      "dependsOn": [
        {
          "category": "function",
          "resourceName": "infohorusauthPostConfirmation",
          "triggerProvider": "Cognito",
          "attributes": [
            "Arn",
            "Name"
          ]
        }
      ],
      "customAuth": false,
      "output": {
        "UserPoolId": "eu-west-1_MBviHjkjL",
        "AppClientIDWeb": "6dvgcu2a91jt872o5v3lb2pr5l",
        "AppClientID": "6ltd73aptq4tmkqqiev8kivks3",
        "IdentityPoolId": "eu-west-1:dc084d0f-bda5-4d6a-a56f-72f61ec304f6",
        "IdentityPoolName": "infohoruswebapp_identitypool__main",
        "UserPoolName": "infohoruswebapp_userpool"
      },
      "lastPushTimeStamp": "2021-10-14T07:32:46.785Z",
      "providerMetadata": {
        "s3TemplateURL": "https://s3.amazonaws.com/amplify-infohoruswebapp-main-91614-deployment/amplify-cfn-templates/auth/infohorusauth-cloudformation-template.yml",
        "logicalId": "authinfohorusauth"
      },
      "frontendAuthConfig": {
        "loginMechanisms": [
          "EMAIL"
        ],
        "signupAttributes": [
          "EMAIL"
        ],
        "passwordProtectionSettings": {
          "passwordPolicyMinLength": 8,
          "passwordPolicyCharacters": [
            "REQUIRES_LOWERCASE",
            "REQUIRES_UPPERCASE",
            "REQUIRES_NUMBERS",
            "REQUIRES_SYMBOLS"
          ]
        },
        "mfaConfiguration": "OFF",
        "mfaTypes": [
          "SMS"
        ],
        "verificationMechanisms": [
          "EMAIL"
        ]
      }
    }
  },
  "api": {
    "infohoruswebapp": {
      "service": "AppSync",
      "providerPlugin": "awscloudformation",
      "output": {
        "authConfig": {
          "defaultAuthentication": {
            "authenticationType": "API_KEY",
            "apiKeyConfig": {
              "apiKeyExpirationDays": 30,
              "description": "api key description"
            }
          },
          "additionalAuthenticationProviders": [
            {
              "authenticationType": "AWS_IAM"
            },
            {
              "authenticationType": "AMAZON_COGNITO_USER_POOLS",
              "userPoolConfig": {
                "userPoolId": "authinfohorusauth"
              }
            }
          ]
        },
        "GraphQLAPIIdOutput": "6zum2neoa5dshmwr5hxc7moseu",
        "GraphQLAPIEndpointOutput": "https://zkcd6virrbegvnvbp3umuz22hm.appsync-api.eu-west-1.amazonaws.com/graphql",
        "GraphQLAPIKeyOutput": "da2-dqlxsxk3fresbmew3x5juey7ie"
      },
      "lastPushTimeStamp": "2021-10-14T07:32:46.795Z",
      "providerMetadata": {
        "s3TemplateURL": "https://s3.amazonaws.com/amplify-infohoruswebapp-main-91614-deployment/amplify-cfn-templates/api/cloudformation-template.json",
        "logicalId": "apiinfohoruswebapp"
      },
      "lastPushDirHash": "aCS7UN9+/dWOhf62uoEOSmcc4jM="
    }
  },
  "storage": {
    "userDocuments": {
      "service": "S3",
      "providerPlugin": "awscloudformation",
      "dependsOn": [
        {
          "category": "auth",
          "resourceName": "infohorusauth",
          "attributes": [
            "UserPoolId"
          ]
        },
        {
          "category": "auth",
          "resourceName": "userPoolGroups",
          "attributes": [
            "EndUsersGroupRole"
          ]
        },
        {
          "category": "auth",
          "resourceName": "userPoolGroups",
          "attributes": [
            "AssessorsGroupRole"
          ]
        }
      ],
      "output": {
        "BucketName": "userdocumentsbucket91614-main",
        "Region": "eu-west-1"
      },
      "lastPushTimeStamp": "2021-10-14T07:32:46.789Z",
      "providerMetadata": {
        "s3TemplateURL": "https://s3.amazonaws.com/amplify-infohoruswebapp-main-91614-deployment/amplify-cfn-templates/storage/s3-cloudformation-template.json",
        "logicalId": "storageuserDocuments"
      }
    }
  }
}