{
  "function": {
    "infohorusauthPostConfirmation": {
      "build": true,
      "providerPlugin": "awscloudformation",
      "service": "Lambda"
    }
  },
  "auth": {
    "userPoolGroups": {
      "service": "Cognito-UserPool-Groups",
      "providerPlugin": "awscloudformation",
      "dependsOn": [
        {
          "category": "auth",
          "resourceName": "infohorusauth",
          "attributes": [
            "UserPoolId",
            "AppClientIDWeb",
            "AppClientID",
            "IdentityPoolId"
          ]
        }
      ]
    },
    "infohorusauth": {
      "service": "Cognito",
      "providerPlugin": "awscloudformation",
      "dependsOn": [
        {
          "category": "function",
          "resourceName": "infohorusauthPostConfirmation",
          "triggerProvider": "Cognito",
          "attributes": [
            "Arn",
            "Name"
          ]
        }
      ],
      "customAuth": false
    }
  },
  "api": {
    "infohoruswebapp": {
      "service": "AppSync",
      "providerPlugin": "awscloudformation",
      "output": {
        "authConfig": {
          "defaultAuthentication": {
            "authenticationType": "API_KEY",
            "apiKeyConfig": {
              "apiKeyExpirationDays": 30,
              "description": "api key description"
            }
          },
          "additionalAuthenticationProviders": [
            {
              "authenticationType": "AWS_IAM"
            },
            {
              "authenticationType": "AMAZON_COGNITO_USER_POOLS",
              "userPoolConfig": {
                "userPoolId": "authinfohorusauth"
              }
            }
          ]
        }
      }
    }
  },
  "storage": {
    "userDocuments": {
      "service": "S3",
      "providerPlugin": "awscloudformation",
      "dependsOn": [
        {
          "category": "auth",
          "resourceName": "infohorusauth",
          "attributes": [
            "UserPoolId"
          ]
        },
        {
          "category": "auth",
          "resourceName": "userPoolGroups",
          "attributes": [
            "EndUsersGroupRole"
          ]
        },
        {
          "category": "auth",
          "resourceName": "userPoolGroups",
          "attributes": [
            "AssessorsGroupRole"
          ]
        }
      ]
    }
  }
}