{
    "identityPoolName": "infohoruswebapp_identitypool",
    "allowUnauthenticatedIdentities": false,
    "resourceNameTruncated": "infoho16626496",
    "userPoolName": "infohoruswebapp_userpool",
    "autoVerifiedAttributes": [
        "email"
    ],
    "mfaConfiguration": "OFF",
    "mfaTypes": [
        "SMS Text Message"
    ],
    "smsAuthenticationMessage": "Your authentication code is {####}",
    "smsVerificationMessage": "Your verification code is {####}",
    "emailVerificationSubject": "Your verification code",
    "emailVerificationMessage": "Your verification code is {####}",
    "defaultPasswordPolicy": true,
    "passwordPolicyMinLength": 8,
    "passwordPolicyCharacters": [
        "Requires Lowercase",
        "Requires Uppercase",
        "Requires Numbers",
        "Requires Symbols"
    ],
    "requiredAttributes": [
        "email"
    ],
    "userpoolClientGenerateSecret": false,
    "userpoolClientRefreshTokenValidity": 30,
    "userpoolClientWriteAttributes": [
        "email"
    ],
    "userpoolClientReadAttributes": [
        "email"
    ],
    "userpoolClientLambdaRole": "infoho16626496_userpoolclient_lambda_role",
    "userpoolClientSetAttributes": false,
    "sharedId": "16626496",
    "resourceName": "infohorusauth",
    "authSelections": "identityPoolAndUserPool",
    "authRoleArn": {
        "Fn::GetAtt": [
            "AuthRole",
            "Arn"
        ]
    },
    "unauthRoleArn": {
        "Fn::GetAtt": [
            "UnauthRole",
            "Arn"
        ]
    },
    "useDefault": "manual",
    "thirdPartyAuth": false,
    "usernameAttributes": [
        "email"
    ],
    "userPoolGroups": true,
    "adminQueries": false,
    "triggers": "{\n  \"PostConfirmation\": [\n    \"add-to-group\"\n  ]\n}",
    "hostedUI": false,
    "userPoolGroupList": [
        "EndUsers",
        "Assessors"
    ],
    "serviceName": "Cognito",
    "usernameCaseSensitive": false,
    "parentStack": {
        "Ref": "AWS::StackId"
    },
    "permissions": [
        "{\n  \"policyName\": \"AddToGroupCognito\",\n  \"trigger\": \"PostConfirmation\",\n  \"effect\": \"Allow\",\n  \"actions\": [\n    \"cognito-idp:AdminAddUserToGroup\",\n    \"cognito-idp:GetGroup\",\n    \"cognito-idp:CreateGroup\"\n  ],\n  \"resource\": {\n    \"paramType\": \"!GetAtt\",\n    \"keys\": [\n      \"UserPool\",\n      \"Arn\"\n    ]\n  }\n}"
    ],
    "dependsOn": [
        {
            "category": "function",
            "resourceName": "infohorusauthPostConfirmation",
            "triggerProvider": "Cognito",
            "attributes": [
                "Arn",
                "Name"
            ]
        }
    ]
}